username,user id,access hash,name,group,group id
RemajaGila2,1114203734,8199767963285817174,Zaki,QQ BETSLOTS GROUP,1338226537
zie230,1006943487,-2383578871582716284,Jie,QQ BETSLOTS GROUP,1338226537
,1147638302,5052040604857964930,Zachary Hailey,QQ BETSLOTS GROUP,1338226537
,934029963,8307700657963683991,Zack,QQ BETSLOTS GROUP,1338226537
zzzzzz919,780823336,6980049490653468349,lekiu zz,QQ BETSLOTS GROUP,1338226537
JomBet888,815588735,2859888562046408995,Jombet Zoey,QQ BETSLOTS GROUP,1338226537
Luffy996,1002063111,-6433166382926274443,K Z,QQ BETSLOTS GROUP,1338226537
,567567305,8457946558341254040,suepiey zakaria,QQ BETSLOTS GROUP,1338226537
Medahgayaba,937107505,-5239017239611355505,Zayn Malik,QQ BETSLOTS GROUP,1338226537
,880325660,-5022993630577162710,mohd azizi zizi,QQ BETSLOTS GROUP,1338226537
Zolaps,760736532,-7482781719554517892,üëëKing Zolaüî∫,QQ BETSLOTS GROUP,1338226537
,811314989,4569692015392032598,Zainal Abidin,QQ BETSLOTS GROUP,1338226537
Zuhusni,873919153,4924470338333522888,Zulhusni94 Zulhusni94,QQ BETSLOTS GROUP,1338226537
zafran2020,759154948,-6775128723285308605,zaiton hamid,QQ BETSLOTS GROUP,1338226537
,756881136,-6850893852223579796,Zul,QQ BETSLOTS GROUP,1338226537
,978075405,4725165970780020764,Aziela Ziela,QQ BETSLOTS GROUP,1338226537
gyuoj,923611623,8244913408464412889,zha az,QQ BETSLOTS GROUP,1338226537
ZoroKulim,823063069,-7058430418385634436,Akasuki Lambong,QQ BETSLOTS GROUP,1338226537
,649221459,4487068681504855968,Zam Zam,QQ BETSLOTS GROUP,1338226537
,667827965,-421433315828454551,zuhaimie,QQ BETSLOTS GROUP,1338226537
,796357720,-6629788641414471493,üçí‚Ä¢‚Ä¢‚Ä¢¬∞¬Æ¬°zz¬∞‚Ä¢‚Ä¢‚Ä¢üçì,QQ BETSLOTS GROUP,1338226537
,907218268,-3341368040519054374,MR.Z,QQ BETSLOTS GROUP,1338226537
,421571494,-494797769808420376,ùñüùñéùñäùñä._‚ö°,QQ BETSLOTS GROUP,1338226537
Kingfigter,588203908,-1020287329673518749,taffazaniey zaniey,QQ BETSLOTS GROUP,1338226537
,610030385,8081826086364631598,mohd aiman zukifli,QQ BETSLOTS GROUP,1338226537
,842091763,7951117046761918478,zu reimyy,QQ BETSLOTS GROUP,1338226537
Z4Li4Zi3,584786200,2804114413548222552,ZaLiAziE ¬©Ô∏è¬ÆÔ∏è,QQ BETSLOTS GROUP,1338226537
,626874354,1730734411951608119,a z,QQ BETSLOTS GROUP,1338226537
,516237127,-7376377199522942719,zoro,QQ BETSLOTS GROUP,1338226537
,748037808,-5960991550542277165,zarul fikri,QQ BETSLOTS GROUP,1338226537
,697226790,6753054232660781254,Lang Zz,QQ BETSLOTS GROUP,1338226537
,157372546,-4795121422914717770,Muzam Zammir,QQ BETSLOTS GROUP,1338226537
ZulAyam,755109633,6821196274921870201,Zul Fazly,QQ BETSLOTS GROUP,1338226537
zany4491,518078624,8824435032139340059,Zani Zani,QQ BETSLOTS GROUP,1338226537
,649029776,-613736494427713300,Zack Ryder,QQ BETSLOTS GROUP,1338226537
osmanjalani,637396364,-6671665248999971032,Ahmad Zailani,QQ BETSLOTS GROUP,1338226537
hours8888,529434079,-6130128375426038170,zu,QQ BETSLOTS GROUP,1338226537
Abgzex,633954063,6354190160208188478,Abg Zex,QQ BETSLOTS GROUP,1338226537
Zackki,302438234,-8760161519348638465,Zack Mal,QQ BETSLOTS GROUP,1338226537
zombiebloc,492153671,869713999351121155,Zombie Block,QQ BETSLOTS GROUP,1338226537
,642369455,-1287607968147314694,Yusmini Yus,QQ BETSLOTS GROUP,1338226537
,1198089659,4624233594712462159,Mark Yie,QQ BETSLOTS GROUP,1338226537
,1289013081,389475158719812101,Wahab Yakubu,QQ BETSLOTS GROUP,1338226537
,966070889,-1966879141394038812,Cy y,QQ BETSLOTS GROUP,1338226537
yes3333,553128064,7517880672098410591,È°∂Â≥∞Áä∂ÊÄÅ,QQ BETSLOTS GROUP,1338226537
YES555555,769175917,1413672138483726027,ABC,QQ BETSLOTS GROUP,1338226537
Peaceeyow,770114154,7942382190863473527,Peace Yow,QQ BETSLOTS GROUP,1338226537
Yumikoyee,892123119,6242255708231132880,Ec1,QQ BETSLOTS GROUP,1338226537
,704431261,-761084566647800885,ùìéùí∂ùìéùí∂ùí∑ùëúùëíùìÄùìÄ ‚ô•Ô∏è.,QQ BETSLOTS GROUP,1338226537
,657417806,871160276875809950,yynottttt,QQ BETSLOTS GROUP,1338226537
,551800441,2641391087523546466,Yodum Yodum,QQ BETSLOTS GROUP,1338226537
,710280164,9083212455728016237,Yim37,QQ BETSLOTS GROUP,1338226537
,1052663566,4637805709561031075,Yuunnn,QQ BETSLOTS GROUP,1338226537
Mrzmmm92,509156311,-8957359275355631674,~yEiN,QQ BETSLOTS GROUP,1338226537
aadigi,498800422,-7572938060115322970,Y A,QQ BETSLOTS GROUP,1338226537
Langit_Ketujuh,549367488,-8405526906994306902,Yahoo com,QQ BETSLOTS GROUP,1338226537
,769507019,-2463581106517177796,nik yazid,QQ BETSLOTS GROUP,1338226537
BuraLoyal,563819202,-5508287009805864883,B√ôR√Åüëä ....X‚ù§√òüòé,QQ BETSLOTS GROUP,1338226537
Justthekid,956535192,-4007880464672324853,Mr Xborg,QQ BETSLOTS GROUP,1338226537
Faix79,576187631,2590087569320814263,Xcag¬£,QQ BETSLOTS GROUP,1338226537
,473432433,-6816590508530621826,Adakai Xdakotak,QQ BETSLOTS GROUP,1338226537
aug90,1360738892,-7756516591106145399,On my way to success,QQ BETSLOTS GROUP,1338226537
Dsiviwzlqxdm,1091900207,-6204682605712937883,"Sales¬†telegram Group¬†Robot and WeChat Account. Exchange/App Real Name Certification¬†, contact telegram : @keful",QQ BETSLOTS GROUP,1338226537
Jgultetwdvqo,1201681491,1942531847793182510,"Sales¬†telegram Group¬†Robot and WeChat Account. Exchange/App Real Name Certification¬†, contact telegram : @keful",QQ BETSLOTS GROUP,1338226537
csu918,1004045757,1470238946380003264,www.u918kiss.com <Free kredit event 10AM-8PM>,QQ BETSLOTS GROUP,1338226537
w918w,459317670,3968627105430769122,üïπ918winüïπ,QQ BETSLOTS GROUP,1338226537
wanisabri22,838218956,4396609209468438943,nurul izwani,QQ BETSLOTS GROUP,1338226537
natalia88win,989912307,1542303578321199792,Natalia Win,QQ BETSLOTS GROUP,1338226537
AliceWin88,577132617,3795481820359716579,Alice Win Ax Club,QQ BETSLOTS GROUP,1338226537
,966766501,4444851145646473916,Angel Win (Elaine),QQ BETSLOTS GROUP,1338226537
,921106274,-2160731511979782840,Angel Win (),QQ BETSLOTS GROUP,1338226537
WorldClub77,920286928,-7068803526745723268,WORLD CLUB,QQ BETSLOTS GROUP,1338226537
,594435101,-6454877395822048455,Elias Wan,QQ BETSLOTS GROUP,1338226537
,929888666,-2122381111600043794,Adek Wany,QQ BETSLOTS GROUP,1338226537
luckykong,903464862,5801425995418269679,WAWA,QQ BETSLOTS GROUP,1338226537
,579460041,2563926700170230086,wie,QQ BETSLOTS GROUP,1338226537
Win99SlotGame,879343800,5945081932964116274,Win99,QQ BETSLOTS GROUP,1338226537
Warrenjimmy,632519848,5842318884333797358,Warren Jimmy,QQ BETSLOTS GROUP,1338226537
,860798862,-3292664349090125232,Saje Nok Wak,QQ BETSLOTS GROUP,1338226537
WanChiken,579292459,6679283249090177027,WanChiken,QQ BETSLOTS GROUP,1338226537
Evanshah24,507334713,-2737920368123748990,Wan Shah,QQ BETSLOTS GROUP,1338226537
Az8591,558812510,5205053211002900533,matyo widodo,QQ BETSLOTS GROUP,1338226537
mudorok,620186950,6819551159326949254,Wan Kuan,QQ BETSLOTS GROUP,1338226537
,797384810,4793879331568158644,WBH 2798,QQ BETSLOTS GROUP,1338226537
,697297254,-8991686173062802262,Wee Anco,QQ BETSLOTS GROUP,1338226537
Fiezer,508451860,-1710094256627539455,Wan Doler,QQ BETSLOTS GROUP,1338226537
Waie90,592349485,4499562908973822583,Az Teet,QQ BETSLOTS GROUP,1338226537
wanchera,426951134,4737017016194645809,wan chera,QQ BETSLOTS GROUP,1338226537
Wanshafiq,537659262,-8794846189753826918,Bro Cit,QQ BETSLOTS GROUP,1338226537
,1027470196,7259150539868463561,Felix Vitz,QQ BETSLOTS GROUP,1338226537
,861788580,-1876014026310731655,Adarsh V,QQ BETSLOTS GROUP,1338226537
,736023158,7918526101860129877,VERGAS Topup,QQ BETSLOTS GROUP,1338226537
Bet365tt,851769625,3603219123957930382,365betttt Vickyy,QQ BETSLOTS GROUP,1338226537
UltramanSeven7,761262527,-1673818711118612071,Mvp Vvip,QQ BETSLOTS GROUP,1338226537
MrDeanWahap,885458667,331830841076000985,Vivo Vivo,QQ BETSLOTS GROUP,1338226537
vicky34434,462622285,-2211374658188641131,Vicky,QQ BETSLOTS GROUP,1338226537
blackvvip,241611041,2466529875305449660,vvip,QQ BETSLOTS GROUP,1338226537
,1064405923,1615153796506377259,Ugnƒó Stauskas,QQ BETSLOTS GROUP,1338226537
UltrawinboostHotline,632264820,7275823764236504816,UltraWinBoost Hotline,QQ BETSLOTS GROUP,1338226537
UBW888HOTLINE,632725689,-6566942919001191532,UBW888 HOTLINE,QQ BETSLOTS GROUP,1338226537
,839648336,8004729846670393039,Norman Ujau,QQ BETSLOTS GROUP,1338226537
doublepaddle,557313031,-5505184793694650904,$up! $up!an,QQ BETSLOTS GROUP,1338226537
UpinIpinBoriaSukaSuka,885833744,-4548481727704559626,Upin Ipin,QQ BETSLOTS GROUP,1338226537
,735276257,2052012686066671150,Haiza Umi,QQ BETSLOTS GROUP,1338226537
,966957214,-8940175370359130813,u,QQ BETSLOTS GROUP,1338226537
,851525194,-701218107999199786,Ibrahim Umar,QQ BETSLOTS GROUP,1338226537
ABEYCIK91,778620696,7006734203012963078,umi u,QQ BETSLOTS GROUP,1338226537
Ahjang7708,608089932,7117700140041642001,Ujang,QQ BETSLOTS GROUP,1338226537
tumpoooo,831717923,-6087112844084176986,pendosa tanpa noktah pendosa tanpa noktah,QQ BETSLOTS GROUP,1338226537
T70sip,1169790062,-3123083380897465478,Rizal abriii,QQ BETSLOTS GROUP,1338226537
tupaistandet,1226350510,-1907542506800562739,pembururimba,QQ BETSLOTS GROUP,1338226537
,1096726576,3781070370221746261,Manato Toma,QQ BETSLOTS GROUP,1338226537
,1225458511,8609553480486265694,Corey T London,QQ BETSLOTS GROUP,1338226537
TehTarik666,560187334,3031476179421688360,Teh Tarik 1,QQ BETSLOTS GROUP,1338226537
,907291749,-2776543219677244033,Astro Radio Traffic Neww,QQ BETSLOTS GROUP,1338226537
,521855796,-4655711179364996566,alia tasnim,QQ BETSLOTS GROUP,1338226537
Newtown2888,697682833,3369477235402877086,Customer Service topup,QQ BETSLOTS GROUP,1338226537
helbetservicecontact,792583613,3661769004868243170,helbet trading,QQ BETSLOTS GROUP,1338226537
judi98freecredit,849156702,-1407719827712202730,JD98 Admin Marketing Team,QQ BETSLOTS GROUP,1338226537
TRUSTET,966980130,3061724186683613136,AGL MC,QQ BETSLOTS GROUP,1338226537
Ketum3,706393225,6602695625841517004,Aku Tahu,QQ BETSLOTS GROUP,1338226537
,768711266,-4571070853667949907,Tiger77702,QQ BETSLOTS GROUP,1338226537
Truzzz9,875806868,657469661292952964,Tushar Kappor,QQ BETSLOTS GROUP,1338226537
thelux27,829181318,8556864590028658796,LUX 27 ADS,QQ BETSLOTS GROUP,1338226537
Taitanpro,579170893,-5701790049195715611,Arizulhusna Taitanpro5,QQ BETSLOTS GROUP,1338226537
,730182593,-8845221383494331881,TAQIM,QQ BETSLOTS GROUP,1338226537
tauchu,666562007,4602317511552911360,‚òÜ‚òÜtauchu‚òÜ‚òÜ ‚òÜ‚òÜtauchu‚òÜ‚òÜ,QQ BETSLOTS GROUP,1338226537
,459164121,7830943145588846258,Tak perlu tahu,QQ BETSLOTS GROUP,1338226537
hantoxic306,775409633,5200002772325396724,han toxic,QQ BETSLOTS GROUP,1338226537
Gajah_tikus,771377103,-2320532577062411023,Claim Credit,QQ BETSLOTS GROUP,1338226537
,543793067,-4301653965541485113,ahmad tajuldin,QQ BETSLOTS GROUP,1338226537
theberiss,546439362,-8756115491525793467,puwe kakyah,QQ BETSLOTS GROUP,1338226537
thebrrisssz,510134232,4234542835465302582,mr oss,QQ BETSLOTS GROUP,1338226537
,804606206,1757944959708519802,Tengku,QQ BETSLOTS GROUP,1338226537
,944506613,-6273671551584050265,thebro 16 thebro16,QQ BETSLOTS GROUP,1338226537
Haziy,570351432,-350126305507526688,Lost Tag,QQ BETSLOTS GROUP,1338226537
RON76265,528409971,437755305312150129,T R,QQ BETSLOTS GROUP,1338226537
,748651146,-225188537476109175,Tan Beng Keat,QQ BETSLOTS GROUP,1338226537
,601922541,-4337502599584277019,tam angah angah 33,QQ BETSLOTS GROUP,1338226537
,223899700,-4283905651326536721,tan hoe beng,QQ BETSLOTS GROUP,1338226537
NaughtyJ,478503068,5271622424513301073,Tee Min Jun,QQ BETSLOTS GROUP,1338226537
,1227777777,-6524426838768520049,Samuel Boateng,QQ BETSLOTS GROUP,1338226537
,1251164674,-7977080205397777712,Sandy,QQ BETSLOTS GROUP,1338226537
,1277014158,-6561106815609716077,John Smith,QQ BETSLOTS GROUP,1338226537
OnlineSuite888,723159139,-8622532787641343804,Online SUITE Gamming,QQ BETSLOTS GROUP,1338226537
,1172048218,5505234355324754466,Setlla,QQ BETSLOTS GROUP,1338226537
,1170725212,-3339187982288387813,Saimir Baku,QQ BETSLOTS GROUP,1338226537
Shahmi94,214895922,3711497842143272222,NO NAME,QQ BETSLOTS GROUP,1338226537
SUBARU_124,1371601731,-2537757027466727658,D,QQ BETSLOTS GROUP,1338226537
Sempoi777,1281731563,5581641706688811774,My Fath,QQ BETSLOTS GROUP,1338226537
,1013195107,4585069352525099,Myahudi Rjk Mnyalu Son,QQ BETSLOTS GROUP,1338226537
FinnyEB88,738779446,-4432516158310631808,EB Gaming 24/7 Customer Services,QQ BETSLOTS GROUP,1338226537
HarizSuzha,862358383,7652539354025430356,Hariz Suzha,QQ BETSLOTS GROUP,1338226537
AstaBB,829749029,-6818186386477926443,So Kedekk,QQ BETSLOTS GROUP,1338226537
ejatsungkai,1022471307,4454621826081308277,Ijat sungkai,QQ BETSLOTS GROUP,1338226537
shahhfiqq,988255996,-2407751161305150337,Syafiq,QQ BETSLOTS GROUP,1338226537
,707930834,4315192191209412331,sooslow,QQ BETSLOTS GROUP,1338226537
,1024379875,6932106189152561125,Shah69,QQ BETSLOTS GROUP,1338226537
SagaHitam9,901438338,-2876123434763472677,Saga Hitam,QQ BETSLOTS GROUP,1338226537
AldoftHitler,1040567190,-5685494094397404443,CHOY SUN 88,QQ BETSLOTS GROUP,1338226537
,804218170,188865730377014951,Shaz,QQ BETSLOTS GROUP,1338226537
Sheilaon7_87,968924816,-4209138870477436032,Punk Rock jalanan,QQ BETSLOTS GROUP,1338226537
sfknf80,696987227,-982945610315629507,Cek Ceq,QQ BETSLOTS GROUP,1338226537
EstarAD2,807702737,-3839541762832672590,Estar Service Center,QQ BETSLOTS GROUP,1338226537
,825694934,-5719970632410597719,Hanna Natasyatifa sella Anggaline,QQ BETSLOTS GROUP,1338226537
,786191191,-3556667097579146906,Shah Ahs,QQ BETSLOTS GROUP,1338226537
,870870264,4911753474869270841,mohd sharmin aizat mustaffa,QQ BETSLOTS GROUP,1338226537
kom3ng,788620866,-1207811380372941888,Sara Dhaniey,QQ BETSLOTS GROUP,1338226537
NURALYA09,954381661,-5704697724133587131,Nuralya (susiana),QQ BETSLOTS GROUP,1338226537
,747710406,-3045679869828303509,SaFFi FiFi,QQ BETSLOTS GROUP,1338226537
SudahSuratanKu,1067118480,-1857935538832482539,S. S Ku,QQ BETSLOTS GROUP,1338226537
Sue8192,706813068,-588818191685108778,Sue Surianti,QQ BETSLOTS GROUP,1338226537
Sumanda,424228986,-7069387606265176081,nurul atikaa,QQ BETSLOTS GROUP,1338226537
SoLaku_24Jam,641663803,-2264185212464799913,SoLaku,QQ BETSLOTS GROUP,1338226537
bestbetcs88,819408967,-4985046328819836918,BestBet Customer Service,QQ BETSLOTS GROUP,1338226537
,854658171,4688667849677047416,Evo888 Staff 002,QQ BETSLOTS GROUP,1338226537
B0NJA,647821333,8671315907796374255,MOHAMAD SAIFUL,QQ BETSLOTS GROUP,1338226537
BoboiboySolarTM,776108231,4642382048791870099,Boboiboy Solar,QQ BETSLOTS GROUP,1338226537
Ronitah6364,713824467,-1285029768530554610,Becky-slot serv,QQ BETSLOTS GROUP,1338226537
,790937270,-6767191959850067532,PRESIDENT P.D.S,QQ BETSLOTS GROUP,1338226537
,242694417,4527115933464995430,Fir Sya,QQ BETSLOTS GROUP,1338226537
SZhere,580820507,-3698562218901486892,SZ,QQ BETSLOTS GROUP,1338226537
,638278768,8333381925690012424,Diniey Sabrey,QQ BETSLOTS GROUP,1338226537
,775025123,-8687521165609381687,SOLAKU 24/7 SERVICE,QQ BETSLOTS GROUP,1338226537
lailisuriani,930961251,8788713722765405790,Lily Suriani,QQ BETSLOTS GROUP,1338226537
Pasolek,682928014,9179653889885143421,Ehh Izam sjk bosku,QQ BETSLOTS GROUP,1338226537
EAyu79,775040180,7388584086516131075,Elizabeth Sim,QQ BETSLOTS GROUP,1338226537
saru0000,1019133772,5852501406277001328,Matlampen,QQ BETSLOTS GROUP,1338226537
,511958662,6795439085586324452,Shah Shah77,QQ BETSLOTS GROUP,1338226537
,810634227,7053609537043470820,shaha budin,QQ BETSLOTS GROUP,1338226537
,941896101,2680148219711161144,Syahrulzaidi,QQ BETSLOTS GROUP,1338226537
,1060510402,-858467956255819750,Subramaniam,QQ BETSLOTS GROUP,1338226537
Kembara_mlm,767302056,-666778438143301829,Jemiey Sa'adon,QQ BETSLOTS GROUP,1338226537
,691512900,-114530926992618625,Shuhada Kechikk,QQ BETSLOTS GROUP,1338226537
Nick_syahh,547596946,-2747007921853389930,Nick Syah,QQ BETSLOTS GROUP,1338226537
saban96,632493467,2376586403247462049,Saban,QQ BETSLOTS GROUP,1338226537
,400809647,-2464424401310017410,Amal Shah,QQ BETSLOTS GROUP,1338226537
slashismine,514433544,-1247902299736383809,Rock BRO,QQ BETSLOTS GROUP,1338226537
Shafiq58,524607500,8789354834832454913,Syafiq,QQ BETSLOTS GROUP,1338226537
SAHIRA_HARRAZ,778466232,-784931086712618181,Sahira Batrisyia,QQ BETSLOTS GROUP,1338226537
,857478785,2391095813623457890,Amirul Shafiqq,QQ BETSLOTS GROUP,1338226537
,688431424,3355999666583156092,Mas Shafira Salman,QQ BETSLOTS GROUP,1338226537
,916911887,-1334099638529604111,Safi Ayub,QQ BETSLOTS GROUP,1338226537
,883557308,-5791051964901655953,Samsul Bakri,QQ BETSLOTS GROUP,1338226537
Spinningaddict,453215405,3032020229682827136,Pok Nik,QQ BETSLOTS GROUP,1338226537
Syikin_1993,814903673,2906039457516289923,Nur ain nabila,QQ BETSLOTS GROUP,1338226537
,782510070,1528527050828272006,sentullian,QQ BETSLOTS GROUP,1338226537
EnasAcit,75061503,-3562530697633140412,Nazirdin Sonas,QQ BETSLOTS GROUP,1338226537
,687362661,-2427588217301231987,sulong mekyoh,QQ BETSLOTS GROUP,1338226537
,932587337,7422083764496764556,Syazwan AR,QQ BETSLOTS GROUP,1338226537
,671157951,-2351446778116592671,Esnakes snakes,QQ BETSLOTS GROUP,1338226537
King_Oberon,695262469,1405050150138478492,shagrathor,QQ BETSLOTS GROUP,1338226537
,607982326,-3658009513335368813,D S,QQ BETSLOTS GROUP,1338226537
chekra88,362215968,-8490498011192309725,al syahira,QQ BETSLOTS GROUP,1338226537
Shahfaiss2705,542698906,-3714587566288348790,Shah Faiss,QQ BETSLOTS GROUP,1338226537
MhdShukri,640014286,8575688875848875075,Mohammad Shukri,QQ BETSLOTS GROUP,1338226537
,136341383,7705354822622769701,D SEpuLL,QQ BETSLOTS GROUP,1338226537
,580858183,1078451900140531794,Rizz Deqwan,QQ BETSLOTS GROUP,1338226537
Rosyid999999,1136660006,-8041300042104097193,Rosyid,QQ BETSLOTS GROUP,1338226537
rayawinCs88,672667741,-8675442668124057792,Rina,QQ BETSLOTS GROUP,1338226537
ohyessttu,932120064,-6591267637640607933,Rosli,QQ BETSLOTS GROUP,1338226537
ColaBigMama,618401448,5473190525932343046,Muhammad Redzuan,QQ BETSLOTS GROUP,1338226537
reddivel7,967883622,-7981399499167535426,REDDIVEL7 JAMES,QQ BETSLOTS GROUP,1338226537
,763202454,4519832701705806192,Raikal55,QQ BETSLOTS GROUP,1338226537
RCJBET168,952450947,-292235662538061450,RCJBET 24JAM,QQ BETSLOTS GROUP,1338226537
AmmerzRedMusker,106302752,-7703590539595068443,Red Muskerz,QQ BETSLOTS GROUP,1338226537
MadiRaja,779149428,-5316449106843910081,Madi Raja,QQ BETSLOTS GROUP,1338226537
NorJrafLi,686648532,1855706773225771339,NorJ RafLi,QQ BETSLOTS GROUP,1338226537
Matayam,896561895,6109987952476196399,Firdaus Ramli,QQ BETSLOTS GROUP,1338226537
,892229326,6909837994895583296,Rambo,QQ BETSLOTS GROUP,1338226537
,725559769,-7271803290551962795,Ryzal Adeq,QQ BETSLOTS GROUP,1338226537
,527042285,8254813275271324293,Mohd Raif Md Akhir,QQ BETSLOTS GROUP,1338226537
lonyoiabis,550336273,3524559966312057649,Muhammad ada rasa,QQ BETSLOTS GROUP,1338226537
Ranggahranggi,655435417,-6847125872754505642,Kalabumalami,QQ BETSLOTS GROUP,1338226537
rayyan2018,755435058,2282269305341898936,hairymohamad hairy94,QQ BETSLOTS GROUP,1338226537
Rashdanomar,774962290,-3121436427500004352,Rashdan Omar,QQ BETSLOTS GROUP,1338226537
,495660436,-5545985085471923908,Rie Jer,QQ BETSLOTS GROUP,1338226537
Really_lun,564043618,-1881115205221981364,Clonney,QQ BETSLOTS GROUP,1338226537
Duan6807,563383863,-6701801022590838339,Ridzuan Azmi,QQ BETSLOTS GROUP,1338226537
,664833434,3469229434088194195,RaiN KecHik,QQ BETSLOTS GROUP,1338226537
,843784283,-1205048656148720329,Ripcurl Pacific,QQ BETSLOTS GROUP,1338226537
,499122985,4832679755165258780,L9ng Ranjer,QQ BETSLOTS GROUP,1338226537
,288609445,5485255324329792530,Faridah Ros,QQ BETSLOTS GROUP,1338226537
,702775407,1989011986297404240,rider ooo16,QQ BETSLOTS GROUP,1338226537
Remy_muar,782009564,-1743616297790270344,Remy Muar,QQ BETSLOTS GROUP,1338226537
,835371871,-2131050175050036230,roseli matnoor,QQ BETSLOTS GROUP,1338226537
,486893195,-693743128246626569,Genji Repo,QQ BETSLOTS GROUP,1338226537
,1158787459,4341894123866084311,Higland Q,QQ BETSLOTS GROUP,1338226537
,694960453,2849342188233316738,parx long,QQ BETSLOTS GROUP,1338226537
Pridachi,767375569,391229021639269486,Free,QQ BETSLOTS GROUP,1338226537
maxis5259,1057624947,155703062903687124,pais abu bakar,QQ BETSLOTS GROUP,1338226537
NA_LI10,733519490,-3012996870439724991,pi pa,QQ BETSLOTS GROUP,1338226537
Azzarrrrr,594921529,8326918256932459915,Phok Jaa,QQ BETSLOTS GROUP,1338226537
,653296439,-5216991384193046644,pennna,QQ BETSLOTS GROUP,1338226537
,690132893,-4720098697412974490,ekin pojie,QQ BETSLOTS GROUP,1338226537
,633078469,-4062971838814364848,P88win ÂøÖÁôºÂ®±‰πê,QQ BETSLOTS GROUP,1338226537
,827424643,4595036899110452923,Pi Jan,QQ BETSLOTS GROUP,1338226537
,897533292,1347968136156519564,Pokchek,QQ BETSLOTS GROUP,1338226537
popoyeonlinecasino,915938929,5984132277979443976,Ada Ka,QQ BETSLOTS GROUP,1338226537
,728692533,-457001447420060677,Prem Kumar,QQ BETSLOTS GROUP,1338226537
ppi_ppa,770527136,4673930555858049139,PiPi PaPa,QQ BETSLOTS GROUP,1338226537
,898454830,301703233942027302,Agent Berlesen pinjaman,QQ BETSLOTS GROUP,1338226537
nouse888,935322739,-3151820334885319998,MBB88(PROMO),QQ BETSLOTS GROUP,1338226537
bro2239,610361978,3315820889262601116,Budax Pailang,QQ BETSLOTS GROUP,1338226537
Peter3664839290,632084352,-1365888676539985198,peter,QQ BETSLOTS GROUP,1338226537
,726222967,5037457709703197598,Pter@,QQ BETSLOTS GROUP,1338226537
Petron26,685320237,7956317098773905586,4 8 2 2,QQ BETSLOTS GROUP,1338226537
,866837265,4718295792255276249,pesa nashreen,QQ BETSLOTS GROUP,1338226537
Manpoker,816091158,-7409864260876926562,Man55 Poker,QQ BETSLOTS GROUP,1338226537
,758927604,8941358636693515328,Pat,QQ BETSLOTS GROUP,1338226537
,837334010,-923966068692440233,Master Pappet,QQ BETSLOTS GROUP,1338226537
PjaAsmara,735757451,9145066855361949027,Pja Asmara,QQ BETSLOTS GROUP,1338226537
,525171090,5438946015643821483,Madi Punk,QQ BETSLOTS GROUP,1338226537
,1248783611,8691492034059917046,Kenedy Ortiz,QQ BETSLOTS GROUP,1338226537
,1381136189,-628194318494066551,Atau Or,QQ BETSLOTS GROUP,1338226537
IkotDan,692186419,7914040623960997060,Orang Bumi,QQ BETSLOTS GROUP,1338226537
,1051662144,-8637409973040898313,milke otoe,QQ BETSLOTS GROUP,1338226537
monkey_899,729411836,-5839710584653803708,monkey onn,QQ BETSLOTS GROUP,1338226537
gdl888,616457790,8058113764133414753,GDL88 (OPERATOR),QQ BETSLOTS GROUP,1338226537
,755443586,274131086166917089,Oggy Ozzy,QQ BETSLOTS GROUP,1338226537
D3MOHERO,788554369,-4608482784498813291,D3MOH3RO BL3ND_OX,QQ BETSLOTS GROUP,1338226537
,905681011,3772850573178064765,Ok Jer,QQ BETSLOTS GROUP,1338226537
Dejanggo,12307928,-1478178991469244340,aiman here only me ÿßŸÑÿ≥ŸëŸéŸÑÿßŸéŸÖŸè ÿπŸéŸÑŸéŸäŸíŸÉŸèŸÖŸí ŸàŸéÿ±Ÿéÿ≠ŸíŸÖŸéÿ©Ÿè ÿßŸÑŸÑŸáŸê ŸàŸéÿ®Ÿéÿ±ŸéŸÉŸéÿßÿ™,QQ BETSLOTS GROUP,1338226537
,787194179,-2557004291451763205,Oreo,QQ BETSLOTS GROUP,1338226537
Nico_oz,383676643,3144092456145414044,Nicotine Oz,QQ BETSLOTS GROUP,1338226537
,597251032,141085091428277988,jai okey,QQ BETSLOTS GROUP,1338226537
Brettneumer,715643011,4751744595374729537,Brett Neumer,QQ BETSLOTS GROUP,1338226537
,971565680,-4812752733814578771,Nico,QQ BETSLOTS GROUP,1338226537
lailyazmannnnnn,783594540,6245424865408973592,n.hsmalaily,QQ BETSLOTS GROUP,1338226537
,665194820,1085951408040824442,Nasir Mohd Noor,QQ BETSLOTS GROUP,1338226537
,957513371,-3857687568135048359,Hanna Natasyatifa,QQ BETSLOTS GROUP,1338226537
,727812862,-2008265147358577909,nik hasbullah bin nik mustapha,QQ BETSLOTS GROUP,1338226537
NAGA_888,818247217,4514465124229442927,NAGAJUDI888 (24JAM),QQ BETSLOTS GROUP,1338226537
NiuNiu228,932817996,3814055518898751843,Niuniu,QQ BETSLOTS GROUP,1338226537
NOW81,608484584,1874556853767024642,-No- -Name- erro.,QQ BETSLOTS GROUP,1338226537
Chloe_Ng88,825172885,3273889108912508686,Chloe Ng,QQ BETSLOTS GROUP,1338226537
kokon666,999747957,-6833169398234570654,Nur hidayah,QQ BETSLOTS GROUP,1338226537
,535876884,-5228364205055398699,Nazirul Ismail,QQ BETSLOTS GROUP,1338226537
MaxcuciFC,944104667,-4338803101474307262,Maxcuci FC(New),QQ BETSLOTS GROUP,1338226537
,842646847,7649887720677293335,Normawarni Mohd Isa,QQ BETSLOTS GROUP,1338226537
,415016673,5038348426650201193,Nur Lavender Nur,QQ BETSLOTS GROUP,1338226537
,766941999,-6954290550563363275,Norfadilah iman Nur iman,QQ BETSLOTS GROUP,1338226537
,692873536,-3676956280626093789,Ninjaz Ninja,QQ BETSLOTS GROUP,1338226537
danielkim99,960532915,-4367828871493441548,no more loveü§ìüí¢,QQ BETSLOTS GROUP,1338226537
NHASTEY,512561759,-7550210760106493663,Hastey,QQ BETSLOTS GROUP,1338226537
,587696727,-7372902168017312551,Arsenal Nal,QQ BETSLOTS GROUP,1338226537
Noorainimohamad,650159404,-1977231978637350284,@Nooraini Mohamad,QQ BETSLOTS GROUP,1338226537
Nizamlaro,599459707,-2741202921274300843,Nizam Laro,QQ BETSLOTS GROUP,1338226537
bermasalah95,557153383,8693994151393013672,budak11 nakal95,QQ BETSLOTS GROUP,1338226537
,753474836,-7229555771440340345,My Nor,QQ BETSLOTS GROUP,1338226537
Nung2019,790305785,4543473616345159688,Hui,QQ BETSLOTS GROUP,1338226537
Nurul_comey,655808831,-2141136636414520016,mummy Nurul,QQ BETSLOTS GROUP,1338226537
,675938627,-600019625491598906,NagE kowt,QQ BETSLOTS GROUP,1338226537
,747294685,6364377360661173092,naga,QQ BETSLOTS GROUP,1338226537
,783037502,760973148860808917,Nasirudin Afian,QQ BETSLOTS GROUP,1338226537
H2513383,452405351,-8299665104558275397,H N,QQ BETSLOTS GROUP,1338226537
,656079224,5509004931408511803,Norila Hasan,QQ BETSLOTS GROUP,1338226537
ItsMe_Agent,1216914049,8650152956499891313,MEMBER ADDER AGENT,QQ BETSLOTS GROUP,1338226537
,1191470733,6259007695702929545,Marion Mbithi,QQ BETSLOTS GROUP,1338226537
,1312493127,2354725634971300010,Milo,QQ BETSLOTS GROUP,1338226537
,755852700,-5647018192705616890,Mcsue 23,QQ BETSLOTS GROUP,1338226537
Budaxgemok,1292955976,-4217019066392611630,Eyqa Mok,QQ BETSLOTS GROUP,1338226537
,1335911126,4498620560196690403,Amen Messiah,QQ BETSLOTS GROUP,1338226537
,1277514648,-5846012178594426711,Malcolm,QQ BETSLOTS GROUP,1338226537
monicas124,1196792788,-8933672884743099240,Monica G,QQ BETSLOTS GROUP,1338226537
matmann_76,1187001373,-5796057754915643166,Akmal Azmie,QQ BETSLOTS GROUP,1338226537
Modo993,821377055,-2446761972912908128,üåüŸÖŸáÿØŸä ŸáÿØŸáÿØ ‚Äè üá∏üá©üåü,QQ BETSLOTS GROUP,1338226537
,1056689757,-1378059280686460928,Chase Maria,QQ BETSLOTS GROUP,1338226537
,1067257491,-222182681356697333,Mavis,QQ BETSLOTS GROUP,1338226537
,1241345816,4193554906961229700,Anthony maureen,QQ BETSLOTS GROUP,1338226537
Masbro94,1189935178,-2926181356938926571,Mas Bro,QQ BETSLOTS GROUP,1338226537
,873025875,-3319525214680758198,Mohd Adam,QQ BETSLOTS GROUP,1338226537
,1092562328,1253478449350359599,Mirabelle,QQ BETSLOTS GROUP,1338226537
,977772171,3145591733613561763,Muhd,QQ BETSLOTS GROUP,1338226537
,1257193726,-2521710383731190970,Mat Ashraf,QQ BETSLOTS GROUP,1338226537
,915991334,6012609544503154461,Lucky -man,QQ BETSLOTS GROUP,1338226537
,543847501,1561845730984951196,Mohamad,QQ BETSLOTS GROUP,1338226537
Memengong,709960054,-3903128639083782828,Ehh izam Hudson,QQ BETSLOTS GROUP,1338226537
,754617265,8998979323105410278,mex77 4417,QQ BETSLOTS GROUP,1338226537
,520604827,-3592671332544912359,muhammad alif,QQ BETSLOTS GROUP,1338226537
,596536064,2199447993073089441,Marry GoVip66,QQ BETSLOTS GROUP,1338226537
,764115789,6294394671348135149,Maribet888,QQ BETSLOTS GROUP,1338226537
FreddieM2020,160596327,1848001696047648312,Freddie M,QQ BETSLOTS GROUP,1338226537
,710606373,455497432423175303,Mat Din,QQ BETSLOTS GROUP,1338226537
,596591513,-2496127638114900532,maiey,QQ BETSLOTS GROUP,1338226537
,888938015,729164058624493670,Muhamad Anuar,QQ BETSLOTS GROUP,1338226537
mynoob93,902317967,336752750328698538,Alonk Bosku,QQ BETSLOTS GROUP,1338226537
,968017058,8762699058315490169,Monkey girl,QQ BETSLOTS GROUP,1338226537
MissKimzz,358486021,-7046299138009360780,Kimz Mimie,QQ BETSLOTS GROUP,1338226537
,749381183,-5631699795921372651,MUHAMMAD Azhar,QQ BETSLOTS GROUP,1338226537
Jubus78,825907374,-7143991987937941311,Maria Marüòòüòòüòò,QQ BETSLOTS GROUP,1338226537
mawar013,569215329,6094523909582603878,Mawar013,QQ BETSLOTS GROUP,1338226537
Mkf7655,925823073,4630358150564733681,Mysteriouss,QQ BETSLOTS GROUP,1338226537
emptyLocust8495824,821026864,2150113201740660449,Jadu Mil,QQ BETSLOTS GROUP,1338226537
,864326286,-7963388187686011635,Anak makcik Kiah,QQ BETSLOTS GROUP,1338226537
jokermari,350601961,-1213421288177672929,Ma,QQ BETSLOTS GROUP,1338226537
,658655137,3667153516768632399,Mylia,QQ BETSLOTS GROUP,1338226537
,744539836,2833757331600944536,hyppo mal,QQ BETSLOTS GROUP,1338226537
Kubislaps,784653321,1788018345196652165,Mah,QQ BETSLOTS GROUP,1338226537
,998462785,5507360056133306171,Miss Kitty,QQ BETSLOTS GROUP,1338226537
,716325156,-2016325834353446044,Mr.Adem,QQ BETSLOTS GROUP,1338226537
,870989961,7839821484903761763,Ahmad Mahir,QQ BETSLOTS GROUP,1338226537
i00iiiiiiiiz,638180401,-822604890985022781,Mz Mzmz,QQ BETSLOTS GROUP,1338226537
,757346599,-6317982632015906733,Msn91 Cs,QQ BETSLOTS GROUP,1338226537
Ejanx27x,710399308,-9193470041395106357,Muhamad,QQ BETSLOTS GROUP,1338226537
Chinggaming,524084542,-5814471702191435717,mantol,QQ BETSLOTS GROUP,1338226537
MuhammadHasan92,688574036,1976381738420038037,Hassan Muhammad,QQ BETSLOTS GROUP,1338226537
MasAmira,436345479,-6565736026075651018,Mia,QQ BETSLOTS GROUP,1338226537
MudahwinCs01,1013175348,4157016337560013739,MudahwinCs01,QQ BETSLOTS GROUP,1338226537
,652241757,91132565148757834,Mohd,QQ BETSLOTS GROUP,1338226537
,718756915,467288882638349740,mat itik,QQ BETSLOTS GROUP,1338226537
,819873160,3430370161025465859,mat den,QQ BETSLOTS GROUP,1338226537
,1016308393,-5576022797308541170,Awangku Hanafiah Awang Mas Anthony,QQ BETSLOTS GROUP,1338226537
,876046979,8018730253321049925,mohd afizan mohd afizan,QQ BETSLOTS GROUP,1338226537
,643914616,4156170497542419463,Ajiq Mimie,QQ BETSLOTS GROUP,1338226537
,702037775,2487003580764695027,Mohd Haziman Aiman76,QQ BETSLOTS GROUP,1338226537
Lone97,618141466,-8556618606084716396,Ms Kemboja,QQ BETSLOTS GROUP,1338226537
dinar_24K,799824005,-8730246796756316841,Amerudin Must,QQ BETSLOTS GROUP,1338226537
Mfzaragon,312676120,3481157404135349337,Mohd Fauzan,QQ BETSLOTS GROUP,1338226537
,922707854,-2384903765048648255,Mohd Liezuardee Bin Abdullah Liezuardee,QQ BETSLOTS GROUP,1338226537
mrr988,242182936,1900114728310437815,Mr,QQ BETSLOTS GROUP,1338226537
,632861469,-2376392705513064167,Keciq Myra,QQ BETSLOTS GROUP,1338226537
,756297623,-3929409674738300022,Man Dada Dada,QQ BETSLOTS GROUP,1338226537
Man55poker,528705510,2887675235837051041,Amantubilla billah,QQ BETSLOTS GROUP,1338226537
,534471851,-6866119277591409293,my digi,QQ BETSLOTS GROUP,1338226537
Jasfri,692565585,4889087043859289864,Jasfri Megat,QQ BETSLOTS GROUP,1338226537
elly_Min,486725103,-6468503589164404324,Elly Min,QQ BETSLOTS GROUP,1338226537
,763360607,7186510250027306208,DBA Muliady,QQ BETSLOTS GROUP,1338226537
ALIFjuha,852144774,-4199640554592761181,Muhammad Alif,QQ BETSLOTS GROUP,1338226537
,841996952,7703386456922665699,Muhd Izwan,QQ BETSLOTS GROUP,1338226537
,911561930,1622620788287535854,Matt Ek,QQ BETSLOTS GROUP,1338226537
,800926411,-5634526659164573787,Mr Malique,QQ BETSLOTS GROUP,1338226537
Baguk90,817020127,737002323371838232,Mr Asp,QQ BETSLOTS GROUP,1338226537
,695806808,-8239948886014327937,Mohs ali,QQ BETSLOTS GROUP,1338226537
,767376224,-5057880475810071632,Mohd,QQ BETSLOTS GROUP,1338226537
Joker019,786571693,-5096450449106267410,Mr Joker,QQ BETSLOTS GROUP,1338226537
,827189687,5498932366650640425,Mr Lonely,QQ BETSLOTS GROUP,1338226537
,574938571,-1399507428305886475,matju@2121,QQ BETSLOTS GROUP,1338226537
Meqtta,818704241,-819905332294751066,Meqtta Ghazali,QQ BETSLOTS GROUP,1338226537
,935796781,319572220734612107,Mohd Fikri Fik,QQ BETSLOTS GROUP,1338226537
arashariff,564624871,960835469358403682,Mohd Arash,QQ BETSLOTS GROUP,1338226537
CeperDrain,376291872,8156866833283780703,Mie KinG CeLcOm,QQ BETSLOTS GROUP,1338226537
,486334831,-7544306895387914345,mohd adam,QQ BETSLOTS GROUP,1338226537
Mungsi,559381176,-13916143468181054,Fredd Brayn,QQ BETSLOTS GROUP,1338226537
FiezerJ,411710471,3543523214664140800,I Am Me J,QQ BETSLOTS GROUP,1338226537
alecks92,612075779,-8457084979869337303,frederick m,QQ BETSLOTS GROUP,1338226537
,578114246,-1209832829411469534,Mat,QQ BETSLOTS GROUP,1338226537
MusOna9019,452246010,-8206965676006625495,Mussuona 9019,QQ BETSLOTS GROUP,1338226537
,1028335710,-3800897785277310428,Lutfiya,QQ BETSLOTS GROUP,1338226537
L5565,758829308,-534097149005085506,Lee J H,QQ BETSLOTS GROUP,1338226537
,884766650,-3939341335260971334,Abu Laith,QQ BETSLOTS GROUP,1338226537
Legend918Freecredit,944306118,710744330259357679,Legend918 Free credit,QQ BETSLOTS GROUP,1338226537
eric9266,596919564,5120128431950898110,Loh Eric,QQ BETSLOTS GROUP,1338226537
jenniferling,58547314,4871851780923130970,Jennifer Ling,QQ BETSLOTS GROUP,1338226537
lux2727,704172560,-5666588678473946365,LUX 27 CS,QQ BETSLOTS GROUP,1338226537
KingofWins,505528058,5391860391824105698,LAE,QQ BETSLOTS GROUP,1338226537
,919295578,-1719448282629465396,Bagaikan Langit,QQ BETSLOTS GROUP,1338226537
Ishakkaizer,674552531,3815941389071532148,Linda Kaizer,QQ BETSLOTS GROUP,1338226537
longpak,312187625,3162275690722560703,hasni azmi,QQ BETSLOTS GROUP,1338226537
,545776152,-3996972705439757738,liana,QQ BETSLOTS GROUP,1338226537
lie1974,856172299,4505601477662778637,Lie Kesepian,QQ BETSLOTS GROUP,1338226537
lip76,781189868,-4697027448735207532,AA,QQ BETSLOTS GROUP,1338226537
IKBET_LAUU,639611174,9007636298228945723,Khai Golok,QQ BETSLOTS GROUP,1338226537
,714293732,-3441735614684839561,lisa,QQ BETSLOTS GROUP,1338226537
BabylisaLS,551631831,-4141307791618301470,LiSA LS,QQ BETSLOTS GROUP,1338226537
,1124743517,1990823002871227526,Kk,QQ BETSLOTS GROUP,1338226537
KhaiZzz96,877692445,4186266776937198752,Anwar An,QQ BETSLOTS GROUP,1338226537
BEBYKISS,1210999355,-7243742025075326986,Kissme,QQ BETSLOTS GROUP,1338226537
Janngut,1094869691,-2135751887469305267,Khairul,QQ BETSLOTS GROUP,1338226537
Khairalove,484747574,-1645824048822151173,Khalaf03,QQ BETSLOTS GROUP,1338226537
,644600198,653300039203879929,khairy,QQ BETSLOTS GROUP,1338226537
,742612425,7193276175309118950,kayrul khai,QQ BETSLOTS GROUP,1338226537
Adam3131,1035644136,7773270007876471033,Kelate Boy,QQ BETSLOTS GROUP,1338226537
BIGKEE79,744188373,-8832845224946042176,Big Kee,QQ BETSLOTS GROUP,1338226537
Kakashi126,957804529,2319440048569733681,Kekasih Hati,QQ BETSLOTS GROUP,1338226537
Kingkongytjt,477524930,-2690883264815875179,:),QQ BETSLOTS GROUP,1338226537
,857587480,4077231659672522569,4ACE (KindyÔºâ,QQ BETSLOTS GROUP,1338226537
Kissme_9188,923324681,-5120501230589113709,918kissmyr.com,QQ BETSLOTS GROUP,1338226537
,963582334,1175984382263354643,Adems King,QQ BETSLOTS GROUP,1338226537
,981541847,9049766290001529575,Khairul Anuar,QQ BETSLOTS GROUP,1338226537
kapaljud1,883426005,-6576879557191179439,Kapal Judi,QQ BETSLOTS GROUP,1338226537
KapalFree,977539794,-6213620891617616312,Kapal Admin (Free Credit),QQ BETSLOTS GROUP,1338226537
kasutviral1,725366103,3980251187773517820,KASUTVIRAL.1,QQ BETSLOTS GROUP,1338226537
,886171097,-699704127095656223,918 KISS,QQ BETSLOTS GROUP,1338226537
JENNYFREE918KISS,653201747,-1147804749553382369,JENNY 918üíã FREE KREDIT,QQ BETSLOTS GROUP,1338226537
arena8111,791863641,-4753579357291139669,Alice Khoo,QQ BETSLOTS GROUP,1338226537
,817735478,2015168386779899359,Ada aku kash87,QQ BETSLOTS GROUP,1338226537
Kekasih0,671842495,-5119698940442461912,kekasih Hati,QQ BETSLOTS GROUP,1338226537
,683090521,542005645546397030,Kellyüòá,QQ BETSLOTS GROUP,1338226537
KingAthur77,407279658,-3183223416037872102,KING ARTHURS,QQ BETSLOTS GROUP,1338226537
khaifqn,938326986,957103855912261186,khairul furqan furqan,QQ BETSLOTS GROUP,1338226537
,865394047,-7143647269774538117,Bosco Kok,QQ BETSLOTS GROUP,1338226537
Kelly2323,387712694,3136456636162858569,Hiew Kelly,QQ BETSLOTS GROUP,1338226537
,493995454,8150579701584681467,Kenneth Chung,QQ BETSLOTS GROUP,1338226537
,655422178,-5148951012316238424,Ayie Kecok2,QQ BETSLOTS GROUP,1338226537
Jeborn87,990355645,4290718579313298937,Darkrose BKY,QQ BETSLOTS GROUP,1338226537
Davidjones50,856672078,-1959399261714891086,David Jones,QQ BETSLOTS GROUP,1338226537
jameshillimon,1009621027,-1886906210211878159,james hillimon,QQ BETSLOTS GROUP,1338226537
AlongNurul85,1035807986,5060711864963784066,Azzwa Juhari,QQ BETSLOTS GROUP,1338226537
Juragandas,1021337352,2843765408825411490,Jazz,QQ BETSLOTS GROUP,1338226537
,756835405,3050809185997602648,Jo Jo,QQ BETSLOTS GROUP,1338226537
,839314557,-7582596909606281224,Jaya 99 Company,QQ BETSLOTS GROUP,1338226537
,1023668262,-3061560837655532554,jason,QQ BETSLOTS GROUP,1338226537
,609283737,-5313157444084131856,J Jj,QQ BETSLOTS GROUP,1338226537
Jeng00,890418532,1244089452598897241,Jengkol,QQ BETSLOTS GROUP,1338226537
BLUESjr,746820348,-5135386184345002159,BLUES jr,QQ BETSLOTS GROUP,1338226537
,591347159,-2490429190987823554,Jeff,QQ BETSLOTS GROUP,1338226537
Insanbiasa00,867226555,-9007499604181433714,Biasa Je,QQ BETSLOTS GROUP,1338226537
,878032065,1589904858878987573,Jabe,QQ BETSLOTS GROUP,1338226537
,554082980,7734406431744335576,Jabu,QQ BETSLOTS GROUP,1338226537
jijahh10,843277851,8856697156528649536,üíûAZIEüíû‚ö™,QQ BETSLOTS GROUP,1338226537
Joannejoanne0617,551260499,8065305058378245134,Joanne Joanne,QQ BETSLOTS GROUP,1338226537
,555010006,-5324701140144623937,Hairul Anuar Bin Jaffar Hairul Aniar Bin Jafgae,QQ BETSLOTS GROUP,1338226537
Jannnahayub,460851014,-3901423324427549613,Jannah Ayub,QQ BETSLOTS GROUP,1338226537
,510897340,1843061800538077360,Johar Effendy,QQ BETSLOTS GROUP,1338226537
,521212858,8567014664271677221,jEngJeNg!!,QQ BETSLOTS GROUP,1338226537
,851403727,7426820423973586755,jokerr,QQ BETSLOTS GROUP,1338226537
,829612824,-7192653174225432347,Charles Jusup,QQ BETSLOTS GROUP,1338226537
Johnleokl,88358614,522091469760431536,Johnleokl,QQ BETSLOTS GROUP,1338226537
Intheflowe,973736522,-2568559118403176633,‚¨áÔ∏è‚¨áÔ∏è‚¨áÔ∏è‚ù§Ô∏è‚ù§Ô∏è‚ù§Ô∏è Free crebit : „ÄΩÔ∏è 199,QQ BETSLOTS GROUP,1338226537
,950428926,-460045062194548847,"Insan,,,",QQ BETSLOTS GROUP,1338226537
,960604302,-8043146812647225904,hairol izwan,QQ BETSLOTS GROUP,1338226537
Imibet28Admin1,870078092,-1872323245747951354,IMIBET 28,QQ BETSLOTS GROUP,1338226537
ICECLUB777,668538215,-4796607906138899282,ICE-CLUB777,QQ BETSLOTS GROUP,1338226537
,985073945,7662694441907734705,Baby ice,QQ BETSLOTS GROUP,1338226537
,1028358835,5092042652349080344,Girls Intan,QQ BETSLOTS GROUP,1338226537
,878305878,-78294043803397911,Izzatul Ikram,QQ BETSLOTS GROUP,1338226537
Iefa1,271136141,-1556744600444297164,Iefa Iefa,QQ BETSLOTS GROUP,1338226537
,754710912,-2975102404239045664,ieykahh_,QQ BETSLOTS GROUP,1338226537
aandelie90,147894613,-3602418480676619508,Ikhwan Deli,QQ BETSLOTS GROUP,1338226537
,349019953,-7667829421011211304,I,QQ BETSLOTS GROUP,1338226537
,634505242,3199975998821363558,Apip Ikhwan,QQ BETSLOTS GROUP,1338226537
inang84,411743575,8048529626097057810,DANIAL,QQ BETSLOTS GROUP,1338226537
,1322013665,-4383460043967556291,Humphrey,QQ BETSLOTS GROUP,1338226537
Hairol90,884525795,4700315977656044408,Erol Hairol,QQ BETSLOTS GROUP,1338226537
HarimauPutih95,655951523,-611261491954551564,Hun,QQ BETSLOTS GROUP,1338226537
,937449939,-3705234887277944705,Botak Hafiz,QQ BETSLOTS GROUP,1338226537
Fziyati77,933548224,-7172322803843729458,Hayazi Emopunkz,QQ BETSLOTS GROUP,1338226537
hamzi14,610363915,-4000101122671740353,HH,QQ BETSLOTS GROUP,1338226537
HYPEBET202,912433088,825790292879903734,HYPEBET 202,QQ BETSLOTS GROUP,1338226537
,768953111,-7914403556400239156,hanis hafizi,QQ BETSLOTS GROUP,1338226537
Hari2mauCs,886404759,-3672555033095237807,Emily,QQ BETSLOTS GROUP,1338226537
,815641211,-3830835387949880273,Hz,QQ BETSLOTS GROUP,1338226537
,1047941367,938834024365485191,hahhahahah,QQ BETSLOTS GROUP,1338226537
Adibsssss,710250558,-355183940771330986,hh,QQ BETSLOTS GROUP,1338226537
EjenAli2,935194891,-8857224724147160514,HotFM,QQ BETSLOTS GROUP,1338226537
,938370112,8377878403850299007,Has Hj. Ahmat,QQ BETSLOTS GROUP,1338226537
,63960245,-4391585353305369869,Hzam,QQ BETSLOTS GROUP,1338226537
,952671299,-1553062947173169357,Hao Hao2,QQ BETSLOTS GROUP,1338226537
Dad_Haris,758615356,2352894271019711141,Dad Haris,QQ BETSLOTS GROUP,1338226537
,623098329,4051201552386509892,Haniff üòéüòé,QQ BETSLOTS GROUP,1338226537
,561201588,7201700489046105331,f h,QQ BETSLOTS GROUP,1338226537
,557332148,-6410256869514082148,hakimi 5029,QQ BETSLOTS GROUP,1338226537
,632042990,-8407007849822637455,Hamizan,QQ BETSLOTS GROUP,1338226537
erry3990,674529476,-4004362621500244825,hairi firdaus,QQ BETSLOTS GROUP,1338226537
,738156401,-4318214909015581360,Ahmad Hafiz,QQ BETSLOTS GROUP,1338226537
,1062392771,2726029227830185403,GasPollüí®,QQ BETSLOTS GROUP,1338226537
,625880343,5995059071085829998,EB 99 Gaming,QQ BETSLOTS GROUP,1338226537
gmc77cs,952858599,4017432188827508732,GMC77 Claim Department‚ô†Ô∏è,QQ BETSLOTS GROUP,1338226537
gabus46,849273770,7111698775639083208,eijoy,QQ BETSLOTS GROUP,1338226537
Gcity888,947022544,4658749993378237053,Gcity88,QQ BETSLOTS GROUP,1338226537
ayuugslot,831077651,1780262351631162926,Gslot Ayu,QQ BETSLOTS GROUP,1338226537
,1026566748,6988427320011712618,Amoi Girls,QQ BETSLOTS GROUP,1338226537
,875945278,3452803624502866416,Angel GpVip66,QQ BETSLOTS GROUP,1338226537
Er_giantz,609785384,944035455963531698,erfan,QQ BETSLOTS GROUP,1338226537
GOLDTURTLE,85137696,-5189518617549402509,Fairuz,QQ BETSLOTS GROUP,1338226537
Fly_442,1265392889,-7108211773433909014,Fly_442,QQ BETSLOTS GROUP,1338226537
,1139433938,-4886005135684432961,Fredrick Abbott,QQ BETSLOTS GROUP,1338226537
,961357918,6884459599325534566,Farisfaizal,QQ BETSLOTS GROUP,1338226537
Fariyzaa,678109074,6793870565414432137,Fariyza,QQ BETSLOTS GROUP,1338226537
Aayyiee,910772089,-4632778980698709316,Dragon Fire,QQ BETSLOTS GROUP,1338226537
,900542800,-3235886949076752110,Fila Cool,QQ BETSLOTS GROUP,1338226537
,950913746,-2756325482319082448,Faizul Ejoi,QQ BETSLOTS GROUP,1338226537
FighterRN100,636814958,-1566283608267485409,Fiz 97,QQ BETSLOTS GROUP,1338226537
Fast_Cuci,948285015,-5682820169334344793,FAST CUCI (Admin),QQ BETSLOTS GROUP,1338226537
faridah1441,944956593,-4329257521304585887,Fidah,QQ BETSLOTS GROUP,1338226537
FadzliBahari,633433426,-4195253809325391760,boy,QQ BETSLOTS GROUP,1338226537
F6765,156437778,-6739060582492300387,Faiz,QQ BETSLOTS GROUP,1338226537
AmirRincik,510379348,-3656371576533400623,Amir Fikri,QQ BETSLOTS GROUP,1338226537
,810954362,362404520265074865,At Fan,QQ BETSLOTS GROUP,1338226537
,742406022,-7782235078804670327,Faizal Amin,QQ BETSLOTS GROUP,1338226537
,651530035,-721277592442353428,Farzaily Farzaily,QQ BETSLOTS GROUP,1338226537
,487726827,1483985883182535123,Darling Fairus,QQ BETSLOTS GROUP,1338226537
Fattahada,517659355,-1774248797824864822,Fairus_Busu,QQ BETSLOTS GROUP,1338226537
,66080594,7121616290414375962,Fendypro,QQ BETSLOTS GROUP,1338226537
,1201281456,3994260180037644328,Ale Eba,QQ BETSLOTS GROUP,1338226537
Edy6076,1361272728,-1636007652989486356,Edy,QQ BETSLOTS GROUP,1338226537
,1260018752,6254824809971182913,Enoch,QQ BETSLOTS GROUP,1338226537
Emmaredzuan,764018580,5742167072601504564,emmaredzuan,QQ BETSLOTS GROUP,1338226537
EstarAD1,683251907,8714902154081227675,Estar Admin 1,QQ BETSLOTS GROUP,1338226537
,788603727,2661528060900160442,EasyWin 14 Club,QQ BETSLOTS GROUP,1338226537
,972025738,7487124408769587195,Ecahh Ecahh,QQ BETSLOTS GROUP,1338226537
AididElfin,608328421,1409654652620688798,Aidid Elfin,QQ BETSLOTS GROUP,1338226537
,963099139,-7056703800114233228,engku aida,QQ BETSLOTS GROUP,1338226537
,878574288,-541495538952028137,ezeni,QQ BETSLOTS GROUP,1338226537
,898106797,6546069300388418522,Epi,QQ BETSLOTS GROUP,1338226537
,825847113,6904839035110981618,ep,QQ BETSLOTS GROUP,1338226537
Ekiey,1021388712,-5760192996007074779,Ekiey 69,QQ BETSLOTS GROUP,1338226537
,1051576549,4331425519258948997,Adam Eykal,QQ BETSLOTS GROUP,1338226537
,574695088,-8836394952617490371,Eone Apex,QQ BETSLOTS GROUP,1338226537
Ellyn1989,524879743,-2473104974814528256,Ellyn,QQ BETSLOTS GROUP,1338226537
,845983261,7494436040120146806,Eyihairy Eyi,QQ BETSLOTS GROUP,1338226537
,868427175,-3000866650713340416,EYRA,QQ BETSLOTS GROUP,1338226537
eonewafiq,911832366,-1945286759426196641,eone eone,QQ BETSLOTS GROUP,1338226537
,1202646647,1863869588655432502,Daon,QQ BETSLOTS GROUP,1338226537
,764157478,7897058457583124628,Dato‚Äô Bernard Chow,QQ BETSLOTS GROUP,1338226537
,853376867,5349955368113493640,David,QQ BETSLOTS GROUP,1338226537
,705113253,1319230791144289448,Cherrie(DH68) Dunhill68,QQ BETSLOTS GROUP,1338226537
,1023255246,-6689014901181252921,Dania Damia,QQ BETSLOTS GROUP,1338226537
dilahola,968051848,3624226031773642291,D,QQ BETSLOTS GROUP,1338226537
,777052441,2228157386818008218,alfhen darnish,QQ BETSLOTS GROUP,1338226537
,816836168,-3219367110203379943,Digi,QQ BETSLOTS GROUP,1338226537
Dekmie46,521642294,-7173792646751729042,üòÄ üòÄ,QQ BETSLOTS GROUP,1338226537
,581795078,-6450536424428507068,Deli,QQ BETSLOTS GROUP,1338226537
Cacagituu,1148997113,-5837046748486424264,Caca,QQ BETSLOTS GROUP,1338226537
Chendy888,951506319,2370976612157835180,Chendy888,QQ BETSLOTS GROUP,1338226537
Cashking888,1093159674,1403497163947474353,Cashking,QQ BETSLOTS GROUP,1338226537
Blackjackcasino77cs,647663373,-8792217739364982350,BlackJack Casino,QQ BETSLOTS GROUP,1338226537
,971543352,-400904197919921979,Champ77,QQ BETSLOTS GROUP,1338226537
Cilakalu,1037724969,-7078500764986955513,Cii Baii,QQ BETSLOTS GROUP,1338226537
asiabet33_cs1,688051776,4276742865886148933,Asiabet33,QQ BETSLOTS GROUP,1338226537
,830952451,6806171215645311243,4ACE casino,QQ BETSLOTS GROUP,1338226537
,968193754,3972309654116906310,Angel Chua,QQ BETSLOTS GROUP,1338226537
chaa_023,774390637,3759590393199543165,cha .coo,QQ BETSLOTS GROUP,1338226537
Company747,564557631,920213803941225672,747 Company,QQ BETSLOTS GROUP,1338226537
Club969696,588824662,8719706998937019656,CLUB 96,QQ BETSLOTS GROUP,1338226537
AbeCrystal,882625950,-5318002070033412854,Abe Crystal,QQ BETSLOTS GROUP,1338226537
,545536049,3015184801764405705,awex Cun,QQ BETSLOTS GROUP,1338226537
Cuci4U,567075905,3494041634168866844,Cuci 4U,QQ BETSLOTS GROUP,1338226537
,585183414,-3633419679782831519,Ais Cah,QQ BETSLOTS GROUP,1338226537
,612640762,1090806909865171136,'‚òÜ‚òÖ‚òÜ‚òÖ‚ô•Benung Cath,QQ BETSLOTS GROUP,1338226537
,1361063522,-7231950920162508974,Awie Burn,QQ BETSLOTS GROUP,1338226537
BiGbRoFADHIL,922972998,-6161742815283018905,BiG BrOtHeR,QQ BETSLOTS GROUP,1338226537
,1144379758,-5237331287812712112,Buras,QQ BETSLOTS GROUP,1338226537
,1181608646,-5409946213213217933,Albert Bert,QQ BETSLOTS GROUP,1338226537
,1077616938,-450858283876582947,Aril 90,QQ BETSLOTS GROUP,1338226537
Bolox98,797071090,9066262817177679385,Bolox,QQ BETSLOTS GROUP,1338226537
Angelgrandbet88,695399094,9058967680363156241,Amirul Best,QQ BETSLOTS GROUP,1338226537
,785575236,6241256512155042929,Bfc,QQ BETSLOTS GROUP,1338226537
,1062042874,-1620689558430128977,bebe,QQ BETSLOTS GROUP,1338226537
bnqwir,799001541,-4943985373553374869,Aa,QQ BETSLOTS GROUP,1338226537
,960044739,6875298998035430096,Boye,QQ BETSLOTS GROUP,1338226537
,897872688,1835898848751727332,budin,QQ BETSLOTS GROUP,1338226537
bubuchacha5577,1042059001,5840140065219242762,Bubuchacha5577,QQ BETSLOTS GROUP,1338226537
,748015413,-1497436829760164604,Bugoi,QQ BETSLOTS GROUP,1338226537
,725614933,3542436589386429510,Boy,QQ BETSLOTS GROUP,1338226537
,982452425,1824015589175261105,Bby Atiqah,QQ BETSLOTS GROUP,1338226537
,834110186,-2243847675324260578,ËøõÂçá Bee,QQ BETSLOTS GROUP,1338226537
,798172908,-5741201853839717734,Boy,QQ BETSLOTS GROUP,1338226537
,1045188606,-2206636350824639385,Boy Biy,QQ BETSLOTS GROUP,1338226537
,819265302,-5581264577963603618,boyaaa,QQ BETSLOTS GROUP,1338226537
Babunku,512904088,-6139488041419161129,Babunku,QQ BETSLOTS GROUP,1338226537
,483195468,501037179295825059,Berader Broll,QQ BETSLOTS GROUP,1338226537
Beyeh,599157187,768815300533419935,üòàüòà,QQ BETSLOTS GROUP,1338226537
,1383513539,4957657792413716955,abu,QQ BETSLOTS GROUP,1338226537
,1354985857,-8716105590595256633,a,QQ BETSLOTS GROUP,1338226537
,1110928333,-627707110061391757,Aiza Azwat,QQ BETSLOTS GROUP,1338226537
,1339014757,8886962461758977393,Aaa,QQ BETSLOTS GROUP,1338226537
Apom_6,1080875315,-8366401585109298559,Ap,QQ BETSLOTS GROUP,1338226537
,1045152973,5736897307718124765,Atong,QQ BETSLOTS GROUP,1338226537
,716804236,8660104287645573486,Amirul,QQ BETSLOTS GROUP,1338226537
,912378982,3640672260805593783,Abe,QQ BETSLOTS GROUP,1338226537
,609179558,4553116822226549929,Angelina,QQ BETSLOTS GROUP,1338226537
,555287501,2306163578621338404,Ahmad Akmal,QQ BETSLOTS GROUP,1338226537
,512574447,-7707982923595713461,Azahari,QQ BETSLOTS GROUP,1338226537
,930518917,-4814522037869016548,Apit,QQ BETSLOTS GROUP,1338226537
,581251334,6312354466320413106,Angel,QQ BETSLOTS GROUP,1338226537
Adammikhai,523341456,-5925660575738017400,Adam,QQ BETSLOTS GROUP,1338226537
,757612939,8096066554316477280,AHM,QQ BETSLOTS GROUP,1338226537
Anakdato,635162605,1395284298172762340,„Ñä„Ñá„Ñë „Ñâ„Ñä„Ñí„Ññ,QQ BETSLOTS GROUP,1338226537
,1046616872,-8390066206142307385,Atat,QQ BETSLOTS GROUP,1338226537
,990892600,-1118137229369759669,Ahmad Albab,QQ BETSLOTS GROUP,1338226537
,880753243,6403056609103193130,Achap,QQ BETSLOTS GROUP,1338226537
,765824202,-186411977244124516,Abahkau,QQ BETSLOTS GROUP,1338226537
,852911600,5744871306472639805,Ajimmm,QQ BETSLOTS GROUP,1338226537
,540637118,-7752313644767929531,Aqu 3003,QQ BETSLOTS GROUP,1338226537
,600344010,-4986784002275030652,Ayie85,QQ BETSLOTS GROUP,1338226537
,586352765,3293377220773586265,AR‚ñ∂Ô∏è,QQ BETSLOTS GROUP,1338226537
,847066020,7476186179447176977,AAA,QQ BETSLOTS GROUP,1338226537
,741341849,-5039576411969998345,Am Am,QQ BETSLOTS GROUP,1338226537
,983432350,-8583100655182359047,Ali,QQ BETSLOTS GROUP,1338226537
,648683936,5624725393637037690,Anuar,QQ BETSLOTS GROUP,1338226537
,544916483,-3546618568356428823,Adik Adik,QQ BETSLOTS GROUP,1338226537
,522335958,-4195875626006249974,Adeq,QQ BETSLOTS GROUP,1338226537
